Trinucleotide,SP.Syn.Other::S.295,SP.Syn.Kidney::S.187,SP.Syn.Prostate::S.174,SP.Syn.Uterus::S.57,SP.Syn.Esophagus::S.245,SP.Syn.Myeloid::S.170,SP.Syn.Prostate::S.168,SP.Syn.Bladder::S.102,SP.Syn.Prostate::S.295,SP.Syn.Biliary::S.67
ACA,12,141,103,372,367,5,21,37,183,104
ACC,11,70,62,199,207,5,17,26,98,45
ACG,2,15,13,25,42,1,3,6,21,7
ACT,7,74,56,372,247,3,12,17,97,50
CCA,8,103,72,11892,289,3,13,26,131,121
CCC,7,74,54,1485,186,3,11,21,96,48
CCG,3,14,17,31,31,2,6,7,23,20
CCT,6,73,55,8171,186,3,11,14,96,65
GCA,11,74,66,708,189,5,18,28,105,163
GCC,7,53,48,746,143,3,13,18,76,37
GCG,3,14,14,126,33,1,4,6,20,15
GCT,6,55,47,5187,139,3,12,13,77,94
TCA,48,128,85,4961,536,4,14,602,160,126
TCC,25,106,78,1725,268,4,16,238,138,89
TCG,8,16,15,36,42,1,4,94,23,21
TCT,29,122,96,2372,326,6,22,288,164,187
ACA,12,65,61,86,157,5,18,49,94,24
ACC,7,45,39,114,113,3,10,20,62,18
ACG,2,12,11,18,28,1,3,5,17,6
ACT,12,76,66,153,185,5,18,50,106,28
CCA,9,40,40,56,96,3,12,54,60,12
CCC,9,50,51,50,117,4,16,23,75,17
CCG,3,10,12,24,21,1,4,9,16,8
CCT,12,72,63,80,173,4,17,65,101,24
GCA,5,27,27,304,67,2,8,20,40,8
GCC,5,29,29,198,68,2,9,14,43,10
GCG,2,7,8,9,15,1,3,5,11,3
GCT,7,37,38,159,87,3,12,33,56,12
TCA,167,64,54,110,162,3,14,2360,88,19
TCC,39,71,57,73,177,3,13,485,96,25
TCG,9,9,10,25,23,1,3,106,14,4
TCT,200,120,95,155,309,6,22,2762,161,40
ACA,53,122,157,1565,283,18,61,140,203,113
ACC,22,71,87,2038,210,9,32,47,116,44
ACG,313,133,109,21568,446,49,63,399,95,1010
ACT,29,97,112,619,298,11,40,63,154,64
CCA,23,105,108,3191,258,9,34,60,159,52
CCC,17,94,101,3218,219,9,33,46,146,35
CCG,184,91,110,7340,258,33,58,268,103,565
CCT,22,117,124,4523,321,10,40,61,180,42
GCA,24,81,97,20906,232,9,35,94,132,47
GCC,19,68,97,36524,147,10,38,47,123,31
GCG,194,84,93,78606,212,33,52,254,80,616
GCT,17,72,90,21884,158,8,33,44,120,29
TCA,644,155,135,13769,1250,9,36,2780,217,419
TCC,135,124,128,3922,497,10,40,564,188,114
TCG,158,58,83,6678,220,21,43,376,79,352
TCT,367,119,119,4035,764,9,37,1555,178,239
ATA,7,34,38,607,80,3,13,15,54,15
ATC,9,26,33,274,69,3,12,20,44,15
ATG,9,39,46,188,89,4,16,23,63,17
ATT,6,54,45,2738,164,3,11,16,74,24
CTA,3,7,14,109,17,2,6,9,16,3
CTC,5,39,34,103,190,2,9,14,55,15
CTG,5,20,24,43,78,2,9,12,33,11
CTT,4,47,35,332,293,2,8,12,61,15
GTA,3,15,18,157,35,2,6,7,25,6
GTC,3,18,17,183,52,1,5,7,26,8
GTG,4,23,23,73,58,2,7,9,35,9
GTT,3,29,24,261,95,1,6,9,40,13
TTA,12,40,38,353,107,4,12,23,57,42
TTC,4,51,37,84,156,2,7,10,66,16
TTG,4,27,27,65,69,2,8,11,40,10
TTT,10,105,77,217,360,4,16,20,136,42
ATA,42,118,193,1218,240,21,81,101,231,42
ATC,14,44,61,598,120,6,24,29,78,24
ATG,33,97,160,165,197,17,67,74,191,33
ATT,38,118,170,381,268,18,68,85,213,56
CTA,12,60,68,266,175,6,23,27,96,17
CTC,11,54,57,656,460,5,19,23,82,24
CTG,18,63,92,452,322,9,36,39,115,22
CTT,13,74,80,558,922,7,26,29,114,24
GTA,13,38,60,3684,83,6,25,29,72,15
GTC,9,27,37,3306,100,4,14,18,47,16
GTG,14,37,62,1721,95,7,26,31,73,20
GTT,12,43,61,1697,122,6,24,26,78,17
TTA,16,60,82,1022,157,8,32,34,105,20
TTC,11,43,50,1714,157,5,17,22,68,29
TTG,11,37,55,410,108,6,22,25,68,16
TTT,20,61,85,443,198,9,33,43,108,34
ATA,4,37,29,163,250,2,7,9,49,11
ATC,2,35,25,144,383,1,5,5,45,10
ATG,7,43,44,88,224,4,14,16,65,15
ATT,4,88,57,1089,2503,2,8,11,109,24
CTA,2,17,16,74,277,1,5,6,25,5
CTC,4,30,28,70,647,2,8,10,43,11
CTG,6,30,33,104,408,3,11,12,47,12
CTT,7,66,54,757,5942,3,13,15,90,23
GTA,2,13,14,71,51,1,4,6,20,5
GTC,2,12,11,175,105,1,3,4,17,3
GTG,5,24,27,120,115,2,9,14,39,15
GTT,2,27,20,413,1269,1,4,4,36,10
TTA,5,43,36,99,740,2,9,11,60,12
TTC,6,58,47,128,745,3,11,13,79,18
TTG,7,45,42,80,356,3,12,14,66,15
TTT,12,126,101,1789,8458,6,24,25,171,39
