,SP.Syn.Kidney::S.103,SP.Syn.Uterus::S.261,SP.Syn.Ovary::S.234,SP.Syn.CNS::S.269,SP.Syn.Lung::S.155,SP.Syn.CNS::S.35,SP.Syn.Prostate::S.224,SP.Syn.Esophagus::S.158,SP.Syn.Pancreas::S.110,SP.Syn.Stomach::S.244,SP.Syn.Head::S.64,SP.Syn.Pancreas::S.36,SP.Syn.Bone.SoftTissue::S.111,SP.Syn.Uterus::S.169,SP.Syn.Ovary::S.148,SP.Syn.Myeloid::S.265,SP.Syn.Esophagus::S.143,SP.Syn.Prostate::S.125,SP.Syn.Breast::S.149,SP.Syn.Biliary::S.21,SP.Syn.Thymus::S.174,SP.Syn.CNS::S.140,SP.Syn.Biliary::S.55,SP.Syn.Pancreas::S.287,SP.Syn.Prostate::S.116,SP.Syn.Lung::S.153,SP.Syn.Lymphoid::S.221,SP.Syn.Bladder::S.206,SP.Syn.Liver::S.176,SP.Syn.Esophagus::S.258,SP.Syn.Colon::S.69,SP.Syn.Myeloid::S.149,SP.Syn.Liver::S.16,SP.Syn.Bladder::S.237,SP.Syn.Myeloid::S.126,SP.Syn.Lymphoid::S.227,SP.Syn.Thymus::S.78,SP.Syn.Prostate::S.76,SP.Syn.Thymus::S.159,SP.Syn.Myeloid::S.23,SP.Syn.Breast::S.168,SP.Syn.Thymus::S.147,SP.Syn.CNS::S.293,SP.Syn.Prostate::S.202,SP.Syn.Lymphoid::S.154,SP.Syn.Esophagus::S.128,SP.Syn.Colon::S.286,SP.Syn.Ovary::S.3,SP.Syn.Colon::S.112,SP.Syn.Bladder::S.179,SP.Syn.Liver::S.217,SP.Syn.Ovary::S.264,SP.Syn.Thymus::S.276,SP.Syn.Lymphoid::S.32,SP.Syn.CNS::S.81,SP.Syn.Head::S.133,SP.Syn.Head::S.80,SP.Syn.Other::S.119,SP.Syn.Head::S.8,SP.Syn.Myeloid::S.151,SP.Syn.Kidney::S.19,SP.Syn.Skin::S.276,SP.Syn.CNS::S.199,SP.Syn.Bone.SoftTissue::S.131,SP.Syn.Bone.SoftTissue::S.125,SP.Syn.Lung::S.195,SP.Syn.Kidney::S.243,SP.Syn.Pancreas::S.46,SP.Syn.Stomach::S.13,SP.Syn.Other::S.79,SP.Syn.Esophagus::S.176,SP.Syn.Colon::S.120,SP.Syn.Biliary::S.72,SP.Syn.Esophagus::S.193,SP.Syn.Esophagus::S.283,SP.Syn.Kidney::S.292,SP.Syn.Head::S.157,SP.Syn.Colon::S.1,SP.Syn.Thymus::S.44,SP.Syn.Stomach::S.19,SP.Syn.CNS::S.244,SP.Syn.Lung::S.158,SP.Syn.Biliary::S.214,SP.Syn.CNS::S.167,SP.Syn.Liver::S.139,SP.Syn.Bone.SoftTissue::S.177,SP.Syn.Bone.SoftTissue::S.34,SP.Syn.Kidney::S.43,SP.Syn.Skin::S.261,SP.Syn.Colon::S.183,SP.Syn.Ovary::S.297,SP.Syn.Lung::S.23,SP.Syn.Lung::S.37,SP.Syn.Liver::S.273,SP.Syn.Bone.SoftTissue::S.234,SP.Syn.Lung::S.71,SP.Syn.Colon::S.193,SP.Syn.Colon::S.59,SP.Syn.Myeloid::S.94,SP.Syn.Liver::S.160
SBS1,271,834,675,639,214,134,238,1179,627,230,522,540,361,1781,623,76,975,566,574,697,218,5,23,29,324,389,240,1147,75,506,4114,61,169,509,51,338,103,780,45,289,350,94,1092,738,507,1941,3718,513,8587,187,84,363,182,50,16,137,2564,312,433,264,11,139,334,169,32,90,1445,247,54,639,3251,7005,1554,2108,1198,158,539,2573,63,479,1161,225,2101,551,381,291,12,231,244,3568,703,382,393,92,81,787,11613,26626,31,57
SBS2,0,5818,489,0,2676,0,0,0,96,0,566,0,0,1964,0,0,0,0,112,0,0,0,0,358,0,2451,0,8822,0,0,0,0,0,10759,0,0,0,0,0,0,258,87,0,0,0,0,0,0,0,8245,0,213,0,0,0,1276,408,3103,34,0,637,0,0,0,123,2487,0,26,0,663,0,0,0,2260,2177,0,859,0,0,0,0,2257,0,0,0,177,0,0,0,0,474,1493,1566,0,0,5476,0,0,0,0
SBS3,0,0,3114,0,0,0,0,0,0,0,0,0,0,0,2136,0,0,0,0,0,0,0,0,0,0,0,0,0,0,0,0,0,0,0,0,0,0,0,0,0,0,0,0,0,3951,0,0,2963,0,0,0,0,0,0,0,0,0,0,0,0,0,0,0,0,0,0,0,0,0,0,4486,0,0,0,0,0,0,0,0,0,0,0,0,0,0,0,0,0,0,0,2757,0,0,0,0,0,0,0,0,0
SBS4,0,0,0,0,23928,0,0,0,0,0,0,0,0,0,0,0,0,0,0,0,0,0,0,0,0,30074,0,0,3776,0,0,0,0,0,0,0,0,0,0,0,0,0,0,0,0,0,0,0,0,0,0,0,0,0,0,0,0,0,0,0,0,0,0,0,0,7562,0,0,0,0,0,0,0,0,0,0,0,0,0,0,0,4835,0,0,0,0,0,0,0,0,0,24598,38510,0,0,5423,0,0,0,2128
SBS5,526,838,289,1513,15588,120,576,299,4443,2131,6102,1971,109,47074,3219,1257,1397,447,3693,5051,541,278,2311,866,1861,10429,942,4005,10950,1636,2271,224,5296,762,780,489,787,3369,905,193,1631,1215,1852,1009,2556,4299,29318,1452,0,3952,7236,1322,1285,1540,707,1711,5479,2490,8288,585,778,940,1417,162,437,13823,1778,1848,2,706,624,55,489,143,2253,343,19422,12443,1367,8447,480,12980,5239,294,8751,802,135,2318,0,18118,1995,6719,2666,5679,1365,846,452,14761,2329,9932
SBS6,0,0,0,0,0,0,0,0,0,0,0,0,0,0,0,0,0,0,0,0,0,0,0,0,0,0,0,0,0,0,0,0,0,0,0,0,0,0,0,0,0,0,0,0,0,0,0,0,0,0,0,0,0,0,0,0,0,0,0,0,0,0,0,0,0,0,0,0,0,0,0,0,0,0,0,0,0,0,0,0,0,0,0,0,0,0,0,0,0,0,0,0,0,5239,0,0,0,0,0,0
SBS7a,0,0,0,0,0,0,0,0,0,0,0,0,0,0,0,0,0,0,0,0,0,0,0,0,0,0,0,0,0,0,0,0,0,0,0,0,0,0,0,0,0,0,0,0,0,0,0,0,0,0,0,0,0,0,0,0,0,0,0,0,0,795,0,0,0,0,0,0,0,0,0,0,0,0,0,0,0,0,0,0,0,0,0,0,0,0,0,0,0,0,0,0,0,0,0,0,0,0,0,0
SBS7b,0,0,0,0,0,0,0,0,0,0,0,0,0,0,0,0,0,0,0,0,0,0,0,0,0,0,0,0,0,0,0,0,0,0,0,0,0,0,0,0,0,0,0,0,0,0,0,0,0,0,0,0,0,0,0,0,2581,0,0,0,0,0,0,0,0,0,0,0,0,0,0,0,0,0,0,0,0,0,0,0,0,0,0,0,0,0,0,0,22,0,0,0,0,0,0,0,0,0,0,0
SBS7c,0,0,0,0,0,0,0,0,0,0,0,0,0,0,0,0,0,0,0,0,0,0,0,0,0,0,0,0,0,0,0,0,0,0,0,0,0,0,0,0,0,0,0,0,0,0,0,0,0,0,0,0,0,0,0,0,0,0,0,0,0,26110,0,0,0,0,0,0,0,0,0,0,0,0,0,0,0,0,0,0,0,0,0,0,0,0,0,0,2169,0,0,0,0,0,0,0,0,0,0,0
SBS7d,0,0,0,0,0,0,0,0,0,0,0,0,0,0,0,0,0,0,0,0,0,0,0,0,0,0,0,0,0,0,0,0,0,0,0,0,0,0,0,0,0,0,0,0,0,0,0,0,0,0,0,0,0,0,0,0,0,0,0,0,0,1565,0,0,0,0,0,0,0,0,0,0,0,0,0,0,0,0,0,0,0,0,0,0,0,0,0,0,2798,0,0,0,0,0,0,0,0,0,0,0
SBS8,0,0,0,0,0,0,0,0,0,0,0,0,0,0,0,0,0,0,0,0,0,399,0,0,0,0,0,0,0,0,0,0,0,0,0,0,0,0,0,0,0,0,0,0,0,0,0,0,0,0,0,0,0,0,0,0,0,0,0,0,0,0,0,0,0,0,0,0,0,0,0,0,0,0,0,0,0,0,0,0,0,0,0,0,0,0,0,0,0,0,0,0,0,0,0,0,0,0,0,0
SBS9,0,0,0,0,0,0,0,0,0,0,0,0,0,0,0,0,0,0,0,0,0,0,0,0,0,0,169,0,0,0,0,0,0,0,0,3240,0,0,0,0,0,0,0,0,0,0,0,0,0,0,0,0,0,0,0,0,0,0,0,0,0,0,0,0,0,0,0,0,0,0,0,0,0,0,0,0,0,0,0,0,0,0,0,0,0,0,0,0,0,0,0,0,0,0,0,0,0,0,0,0
SBS10a,0,0,0,0,0,0,0,0,0,0,0,0,0,0,0,0,0,0,0,0,0,0,0,0,0,0,0,0,0,0,0,0,0,0,0,0,0,0,0,0,0,0,0,0,0,0,0,0,0,0,0,0,0,0,0,0,0,0,0,0,0,0,0,0,0,0,0,0,0,0,0,0,0,0,0,0,0,0,0,0,0,0,0,0,0,0,0,0,0,0,0,0,0,0,0,0,458787,0,0,0
SBS10b,0,0,0,0,0,0,0,0,0,0,0,0,0,0,0,0,0,0,0,0,0,0,0,0,0,0,0,0,0,0,0,0,0,0,0,0,0,0,0,0,0,0,0,0,0,0,0,0,300431,0,0,0,0,0,0,0,0,0,0,0,0,0,0,0,0,0,0,0,0,0,0,0,0,0,0,0,0,151335,0,0,0,0,0,0,0,0,0,0,0,0,0,0,0,0,0,0,0,268938,0,0
SBS12,0,0,0,0,0,0,0,0,0,0,0,0,0,0,0,0,0,0,0,0,0,0,2632,0,0,0,0,0,0,0,0,0,3734,0,0,0,0,0,0,0,0,0,0,0,0,0,0,0,0,0,0,0,0,0,0,0,0,0,0,0,0,0,0,0,0,0,0,0,0,0,0,0,0,0,0,0,0,0,0,0,0,0,0,0,6543,0,0,0,0,0,0,0,0,3198,0,0,0,0,0,646
SBS13,0,0,0,0,7876,0,0,0,0,0,920,0,156,0,413,0,0,0,0,0,0,0,0,8,0,0,0,3622,0,0,0,0,0,3780,0,0,0,0,161,0,4,0,0,0,0,0,0,553,0,10571,0,0,0,0,0,467,1843,3212,6756,0,0,0,0,0,0,0,0,0,0,0,0,0,857,0,3917,0,11,0,950,0,0,1261,0,0,0,0,64,0,0,0,312,5078,293,0,0,0,0,0,0,0
SBS14,0,0,0,0,0,0,0,0,0,0,0,0,0,0,0,0,0,0,0,0,0,0,0,0,0,0,0,0,0,0,0,0,0,0,0,0,0,0,0,0,0,0,0,0,0,0,0,0,0,0,0,0,0,0,0,0,0,0,0,0,0,0,0,0,0,0,0,0,0,0,0,0,0,0,0,0,0,0,0,0,0,0,0,0,0,0,0,0,0,0,0,0,0,0,0,0,0,0,0,0
SBS15,0,0,0,0,0,0,0,0,0,0,0,0,0,0,0,0,0,0,0,0,0,0,0,0,0,0,0,0,0,0,0,0,0,0,0,0,0,0,0,0,0,0,0,0,0,0,0,0,0,0,0,0,0,0,0,0,0,0,0,0,0,0,0,0,0,0,0,0,0,0,0,0,0,0,0,0,0,0,0,0,0,0,0,0,0,0,0,0,0,0,0,0,0,0,0,0,0,0,0,0
SBS16,0,0,0,0,0,0,0,0,0,0,0,0,0,0,0,0,0,0,0,0,0,0,0,0,0,0,0,0,0,0,0,0,0,0,0,0,0,0,0,0,0,0,0,0,0,0,0,0,0,0,0,0,0,0,0,0,0,0,0,0,0,0,0,0,0,0,0,0,0,0,0,0,0,0,0,0,0,0,0,0,0,0,0,0,0,0,0,0,0,0,0,0,0,0,0,0,0,0,0,0
SBS17a,0,0,0,0,0,0,0,1741,0,0,0,0,0,0,0,0,6908,0,0,0,0,0,0,0,0,0,0,0,0,2539,0,0,0,0,0,0,0,0,0,0,0,0,0,0,0,6737,0,0,0,0,563,0,0,0,0,0,0,0,0,0,0,0,0,0,0,0,0,217,3072,0,1286,0,0,1191,1193,0,0,0,0,3082,0,0,0,0,0,0,0,0,0,1406,0,0,0,0,0,0,0,0,0,0
SBS17b,0,0,0,0,0,0,0,33,533,13364,0,0,0,0,0,0,160,0,994,0,0,0,330,0,0,0,0,0,0,12012,0,0,0,0,0,0,0,0,0,0,0,0,0,0,6,14245,0,0,7247,0,0,0,0,0,0,0,0,0,0,0,0,0,0,990,0,0,0,0,4326,0,15728,0,0,13621,197,0,0,0,0,3874,0,1335,0,0,0,0,0,0,0,0,0,0,0,0,0,0,0,0,0,0
SBS18,0,0,0,0,0,0,0,0,1053,2941,383,0,0,0,0,0,0,0,478,0,0,0,0,0,0,0,0,0,0,4530,0,0,0,0,0,0,0,372,0,0,0,0,315,0,0,3397,1648,0,1604,0,0,0,0,0,0,0,0,0,0,290,0,0,0,0,0,0,0,0,0,0,1980,0,0,3686,4048,0,0,2893,0,8979,0,0,0,75,0,0,0,0,0,984,1016,0,0,0,0,439,1470,3354,0,0
SBS19,0,0,0,247,0,0,0,0,0,0,0,0,0,0,0,0,0,0,0,0,0,0,0,0,0,0,0,0,0,0,0,0,0,0,0,0,0,0,0,0,0,0,0,0,0,0,0,0,0,0,0,0,0,0,0,0,0,0,0,0,0,0,0,0,0,0,0,0,0,0,0,0,0,0,0,0,0,0,0,0,0,0,0,0,0,0,0,0,0,0,0,0,0,0,0,0,0,0,0,0
SBS20,0,0,0,0,0,0,0,0,0,0,0,0,0,0,0,0,0,0,0,0,0,0,0,0,0,0,0,0,0,0,0,0,0,0,0,0,0,0,0,0,0,0,0,0,0,0,0,0,0,0,0,0,0,0,0,0,0,0,0,0,0,0,0,0,0,0,0,0,0,0,0,0,0,0,0,0,0,0,0,0,0,0,0,0,0,0,0,0,0,0,0,0,0,0,0,0,0,0,0,0
SBS21,0,0,0,0,0,0,0,0,0,0,0,0,0,0,0,0,0,0,0,0,0,0,0,0,0,0,0,0,0,0,0,0,0,0,0,0,0,0,0,0,0,0,0,0,0,0,0,0,0,0,0,0,0,0,0,0,0,0,0,0,0,0,0,0,0,0,0,0,0,0,0,0,0,0,0,0,0,0,0,0,0,0,0,0,0,0,0,0,0,0,0,0,0,0,0,0,0,0,0,0
SBS22,0,0,0,0,0,0,0,0,0,0,0,0,0,0,0,0,0,0,0,0,0,0,0,0,0,0,0,0,0,0,0,0,0,0,0,0,0,0,0,0,0,0,0,0,0,0,0,0,0,0,0,0,0,0,0,0,0,0,0,0,0,0,0,0,0,0,0,0,0,0,0,0,0,0,0,0,0,0,0,0,0,0,0,0,0,0,0,7436,0,0,0,0,0,0,0,0,0,0,0,0
SBS23,0,0,0,0,0,0,0,0,0,0,0,0,0,0,0,0,0,0,0,0,0,0,0,0,0,0,0,0,0,0,0,0,0,0,0,0,0,0,0,0,0,0,0,0,0,0,0,0,0,0,0,0,0,0,0,0,0,0,0,0,0,0,0,0,0,0,0,0,0,0,0,0,0,0,0,0,0,0,0,0,0,0,0,0,0,0,0,0,0,0,0,0,0,0,0,0,0,0,0,0
SBS24,0,0,0,0,0,0,0,0,0,0,0,0,0,0,0,0,0,0,0,0,0,0,0,0,0,0,0,0,0,0,0,0,0,0,0,0,0,0,0,0,0,0,0,0,0,0,0,0,0,0,0,0,0,0,0,0,0,0,0,0,0,0,0,0,0,0,0,0,0,0,0,0,0,0,0,0,0,0,0,0,0,0,0,0,0,0,0,0,0,0,0,0,0,0,0,0,0,0,0,0
SBS26,0,0,0,0,0,0,0,0,0,0,0,0,0,0,0,0,0,0,0,0,0,0,0,0,0,0,0,0,0,0,0,0,0,0,0,0,0,0,0,0,0,0,0,0,0,0,0,0,0,0,0,0,0,0,0,0,0,0,0,0,0,0,0,0,0,0,0,0,0,0,0,0,0,0,0,0,0,0,0,0,0,0,0,0,0,0,0,0,0,0,0,0,0,0,0,0,0,0,0,0
SBS28,0,0,0,0,0,0,0,0,0,0,0,0,0,0,0,0,0,0,0,0,0,0,0,0,0,0,0,0,0,0,1500362,0,0,0,0,0,0,0,0,0,0,0,0,0,0,0,0,0,0,0,0,0,0,0,0,0,0,0,0,0,0,0,0,0,0,0,0,0,0,0,0,398,0,0,0,0,0,0,0,0,0,0,0,0,0,0,0,0,0,0,0,0,0,0,0,0,0,0,0,0
SBS29,0,0,0,0,0,0,0,0,0,0,0,0,0,0,0,0,0,0,0,0,0,0,0,0,0,0,0,0,1304,0,0,0,0,0,0,0,0,0,0,0,0,0,0,0,0,0,0,0,0,0,830,0,0,0,0,0,0,0,0,0,0,0,0,0,0,0,0,0,0,0,0,0,0,0,0,0,0,0,0,0,0,0,0,0,0,0,0,0,0,0,0,0,0,0,0,0,0,0,0,0
SBS30,0,0,0,0,0,0,0,0,0,0,0,410,0,0,0,0,0,0,0,0,0,0,0,0,0,0,0,0,0,0,0,0,0,0,0,0,0,0,0,0,0,0,0,0,0,0,0,0,0,0,0,0,0,0,0,0,0,0,0,0,0,0,0,0,0,0,0,0,0,0,0,0,0,0,0,0,0,0,0,0,0,0,0,0,0,0,0,0,0,0,0,0,0,0,0,0,0,0,0,0
SBS31,0,0,0,0,0,0,0,0,0,0,0,0,0,0,0,0,0,0,0,0,0,0,0,0,0,0,0,0,0,0,0,0,0,0,0,0,0,0,0,0,0,0,0,0,0,0,0,0,0,0,0,0,0,0,0,0,0,0,0,0,0,0,0,0,0,0,0,0,0,0,0,0,0,0,0,0,0,0,0,0,0,0,0,0,0,0,0,0,0,0,0,0,0,0,0,0,0,0,0,0
SBS32,0,0,0,0,0,0,0,0,0,0,0,0,0,0,0,0,0,0,0,0,0,0,0,0,0,0,0,0,0,0,0,0,0,0,0,0,0,0,0,0,0,0,0,0,0,0,0,0,0,0,0,0,0,0,0,0,0,0,0,0,0,0,0,0,0,0,0,0,0,0,0,0,0,0,0,0,0,0,0,0,0,0,0,0,0,0,0,0,0,0,0,0,0,0,0,0,0,0,0,0
SBS33,0,0,0,0,0,0,0,0,0,0,0,0,0,0,0,0,0,0,0,0,0,0,0,0,0,0,0,0,0,0,0,0,0,0,0,0,0,0,0,0,0,0,0,0,0,0,0,0,0,0,0,0,0,0,0,0,0,0,0,0,0,0,0,0,0,0,0,0,0,0,0,0,0,0,0,0,0,0,0,0,0,0,0,0,0,0,0,0,0,0,0,0,0,0,0,0,0,0,0,0
SBS34,0,0,0,0,0,0,0,0,0,0,0,0,0,0,0,0,0,0,0,0,0,0,0,0,0,0,0,0,0,0,0,0,0,0,0,0,0,0,0,0,0,0,0,0,0,0,0,0,0,0,0,0,0,0,0,0,0,0,0,0,0,0,0,0,0,0,0,0,0,0,0,0,0,0,0,0,0,0,0,0,0,0,0,0,0,0,0,0,0,0,0,0,0,0,0,0,0,0,0,0
SBS35,0,0,0,0,0,0,0,0,0,0,0,0,0,0,0,0,0,0,0,0,0,0,0,0,0,0,0,0,0,0,0,0,0,0,0,0,0,0,0,0,0,0,0,0,0,0,0,0,0,0,0,0,0,0,0,0,0,0,0,0,0,0,0,0,0,0,0,0,0,0,0,0,0,0,0,0,0,0,0,0,0,0,0,0,0,0,0,0,0,0,0,0,0,0,0,0,0,0,0,0
SBS36,0,0,0,0,0,0,0,0,0,0,0,0,0,0,0,0,0,0,0,0,0,0,0,0,0,0,0,0,0,0,0,0,0,0,0,0,0,0,0,0,0,0,0,0,0,0,0,0,0,0,0,0,0,0,0,0,0,0,0,0,0,0,0,0,0,0,0,0,0,0,0,0,0,0,0,0,0,0,0,0,0,0,0,0,0,0,0,0,0,0,0,0,0,0,0,0,0,0,0,0
SBS37,0,0,0,0,0,0,0,0,0,0,0,0,0,0,0,0,0,0,0,0,0,0,0,0,0,0,0,0,0,0,0,0,0,0,0,0,0,0,0,0,0,0,0,0,0,0,0,0,0,0,0,0,0,1891,0,0,0,0,0,0,0,0,0,0,0,0,0,0,0,0,0,0,0,0,0,0,0,0,0,0,0,0,0,0,0,0,0,0,0,0,0,0,0,0,0,0,0,0,0,0
SBS38,0,0,0,0,0,0,0,0,0,0,0,0,0,0,0,0,0,0,0,0,0,0,0,0,0,0,0,0,0,0,0,0,0,0,0,0,0,0,0,0,0,0,0,0,0,0,0,0,0,0,0,0,0,0,0,0,0,0,0,0,0,0,0,0,0,0,0,0,0,0,0,0,0,0,0,0,0,0,0,0,0,0,0,0,0,0,0,0,0,0,0,0,0,0,0,0,0,0,0,0
SBS39,0,0,0,340,0,0,0,0,0,0,0,0,0,0,0,0,0,0,0,0,0,0,0,0,0,0,0,0,0,0,0,0,0,0,0,0,0,0,0,0,0,0,0,0,0,0,0,0,0,0,0,0,0,0,0,0,0,0,0,0,0,0,0,0,0,0,0,0,0,0,0,0,0,0,0,0,0,0,0,0,0,0,0,0,0,0,0,0,0,0,0,0,0,0,0,0,0,0,0,0
SBS40,11680,3345,0,1441,0,0,2301,0,2654,0,12384,1892,1265,0,4378,0,0,1224,0,2771,0,0,875,0,0,0,0,0,0,0,3041,0,0,0,0,0,446,0,0,0,0,542,972,3064,10648,13414,0,0,0,6633,0,2303,298,2399,0,0,0,0,0,0,6487,0,0,2639,3320,0,3400,0,0,0,7390,13312,8998,13172,0,1685,0,0,0,915,81,0,5907,0,0,3278,3073,7819,0,0,0,0,0,0,770,0,0,7371,0,0
SBS41,735,0,0,0,0,0,0,0,0,0,0,0,0,0,0,0,0,0,0,0,0,0,0,0,0,0,0,0,0,0,0,0,0,0,0,0,0,0,0,0,0,0,0,0,0,0,0,0,0,0,0,0,0,0,0,0,0,0,0,0,0,0,0,0,0,0,0,0,0,0,0,0,0,0,0,0,0,0,0,0,0,0,0,0,0,0,0,0,0,0,0,0,0,0,0,0,0,0,0,0
SBS44,0,0,0,0,0,0,0,0,0,0,0,0,0,0,0,0,0,0,0,0,0,0,0,0,0,0,0,0,0,0,0,0,0,0,0,0,0,0,0,0,0,0,0,0,0,0,0,0,0,0,0,0,0,0,0,0,0,0,0,0,0,0,0,0,0,0,0,0,0,0,0,0,0,0,0,0,0,0,0,0,0,0,0,0,0,0,0,0,0,13386,0,0,0,0,0,0,0,0,0,0
SBS45,0,0,0,0,0,0,0,0,0,0,0,0,0,0,0,0,0,0,0,0,0,0,0,0,0,0,0,0,0,0,0,0,0,0,0,0,0,0,0,0,0,0,0,0,0,0,0,0,0,0,0,0,0,0,0,0,0,0,0,0,0,0,0,0,0,0,0,0,0,0,0,0,0,0,0,0,0,0,0,0,0,0,0,0,0,0,0,0,0,0,0,0,0,0,0,0,0,0,0,0
SBS51,0,0,0,0,0,0,0,0,0,0,0,0,0,0,0,0,0,0,0,0,0,0,0,0,0,0,0,0,0,0,0,0,0,0,0,0,0,0,0,0,0,0,0,0,0,0,0,0,0,0,0,0,0,0,0,0,0,0,0,0,0,0,0,0,0,0,0,0,0,0,0,0,0,0,0,0,0,0,0,0,0,0,0,0,0,0,0,0,0,0,0,0,0,0,0,0,0,0,0,0
SBS52,0,0,0,0,0,0,0,0,0,0,0,0,0,0,0,0,0,0,0,0,0,0,0,0,0,0,0,0,0,0,0,0,0,0,0,0,0,0,0,0,0,0,0,0,0,0,0,0,0,0,0,0,0,0,0,0,0,0,0,0,0,0,0,0,0,0,0,0,0,0,0,0,0,0,0,0,0,0,0,0,0,0,0,0,0,0,0,0,0,0,0,0,0,0,0,0,0,0,0,0
SBS54,0,0,0,0,0,0,0,0,0,0,0,0,0,0,0,0,0,0,0,0,0,0,0,0,0,0,0,0,0,0,0,0,0,0,0,0,0,0,0,0,0,0,0,0,0,0,0,0,0,0,0,0,0,0,0,0,0,0,0,0,0,0,0,0,0,0,0,0,0,0,0,0,0,0,0,0,0,0,0,0,0,0,0,0,0,0,0,0,0,0,0,0,0,0,0,0,0,0,0,0
SBS56,0,0,0,0,0,0,0,0,0,0,0,0,0,0,0,0,0,0,0,0,0,0,0,0,0,0,0,0,0,0,0,0,0,0,0,0,0,0,0,0,0,0,0,0,0,0,0,0,0,0,0,0,0,0,0,0,0,0,0,0,0,0,0,0,0,0,0,0,0,0,0,0,0,0,0,0,0,0,0,0,0,0,0,0,0,0,0,0,0,0,0,0,0,0,0,0,0,0,0,0
SBS58,0,0,0,0,0,0,0,0,0,0,0,0,0,0,0,0,0,0,0,0,0,0,0,0,0,0,0,0,0,0,0,0,0,0,0,0,0,0,0,0,0,0,0,0,0,0,0,0,0,0,0,0,10,0,0,0,0,0,0,0,0,0,0,0,0,0,0,0,0,0,0,0,0,0,0,0,0,0,0,0,0,0,0,0,0,0,0,0,0,0,0,0,0,0,0,0,0,0,0,0
SBS60,0,0,0,0,0,0,0,0,0,0,0,0,10,0,0,0,0,0,0,0,0,0,0,0,0,0,0,0,0,0,0,0,0,0,0,0,0,0,0,55,0,0,0,0,0,0,0,0,0,0,0,0,0,0,0,0,0,0,0,0,0,0,0,0,0,0,0,0,0,0,0,0,0,0,0,0,0,0,0,0,0,0,0,0,0,0,0,0,0,0,0,0,0,0,0,0,0,0,0,0
