Trinucleotide,SP.Syn.Kidney::S.103,SP.Syn.Uterus::S.261,SP.Syn.Ovary::S.234,SP.Syn.CNS::S.269,SP.Syn.Lung::S.155,SP.Syn.CNS::S.35,SP.Syn.Prostate::S.224,SP.Syn.Esophagus::S.158,SP.Syn.Pancreas::S.110,SP.Syn.Stomach::S.244,SP.Syn.Head::S.64,SP.Syn.Pancreas::S.36,SP.Syn.Bone.SoftTissue::S.111,SP.Syn.Uterus::S.169,SP.Syn.Ovary::S.148,SP.Syn.Myeloid::S.265,SP.Syn.Esophagus::S.143,SP.Syn.Prostate::S.125,SP.Syn.Breast::S.149,SP.Syn.Biliary::S.21,SP.Syn.Thymus::S.174,SP.Syn.CNS::S.140,SP.Syn.Biliary::S.55,SP.Syn.Pancreas::S.287,SP.Syn.Prostate::S.116,SP.Syn.Lung::S.153,SP.Syn.Lymphoid::S.221,SP.Syn.Bladder::S.206,SP.Syn.Liver::S.176,SP.Syn.Esophagus::S.258,SP.Syn.Colon::S.69,SP.Syn.Myeloid::S.149,SP.Syn.Liver::S.16,SP.Syn.Bladder::S.237,SP.Syn.Myeloid::S.126,SP.Syn.Lymphoid::S.227,SP.Syn.Thymus::S.78,SP.Syn.Prostate::S.76,SP.Syn.Thymus::S.159,SP.Syn.Myeloid::S.23,SP.Syn.Breast::S.168,SP.Syn.Thymus::S.147,SP.Syn.CNS::S.293,SP.Syn.Prostate::S.202,SP.Syn.Lymphoid::S.154,SP.Syn.Esophagus::S.128,SP.Syn.Colon::S.286,SP.Syn.Ovary::S.3,SP.Syn.Colon::S.112,SP.Syn.Bladder::S.179,SP.Syn.Liver::S.217,SP.Syn.Ovary::S.264,SP.Syn.Thymus::S.276,SP.Syn.Lymphoid::S.32,SP.Syn.CNS::S.81,SP.Syn.Head::S.133,SP.Syn.Head::S.80,SP.Syn.Other::S.119,SP.Syn.Head::S.8,SP.Syn.Myeloid::S.151,SP.Syn.Kidney::S.19,SP.Syn.Skin::S.276,SP.Syn.CNS::S.199,SP.Syn.Bone.SoftTissue::S.131,SP.Syn.Bone.SoftTissue::S.125,SP.Syn.Lung::S.195,SP.Syn.Kidney::S.243,SP.Syn.Pancreas::S.46,SP.Syn.Stomach::S.13,SP.Syn.Other::S.79,SP.Syn.Esophagus::S.176,SP.Syn.Colon::S.120,SP.Syn.Biliary::S.72,SP.Syn.Esophagus::S.193,SP.Syn.Esophagus::S.283,SP.Syn.Kidney::S.292,SP.Syn.Head::S.157,SP.Syn.Colon::S.1,SP.Syn.Thymus::S.44,SP.Syn.Stomach::S.19,SP.Syn.CNS::S.244,SP.Syn.Lung::S.158,SP.Syn.Biliary::S.214,SP.Syn.CNS::S.167,SP.Syn.Liver::S.139,SP.Syn.Bone.SoftTissue::S.177,SP.Syn.Bone.SoftTissue::S.34,SP.Syn.Kidney::S.43,SP.Syn.Skin::S.261,SP.Syn.Colon::S.183,SP.Syn.Ovary::S.297,SP.Syn.Lung::S.23,SP.Syn.Lung::S.37,SP.Syn.Liver::S.273,SP.Syn.Bone.SoftTissue::S.234,SP.Syn.Lung::S.71,SP.Syn.Colon::S.193,SP.Syn.Colon::S.59,SP.Syn.Myeloid::S.94,SP.Syn.Liver::S.160
ACA,348,76,68,50,1674,0,53,5,232,394,553,84,45,508,173,9,40,75,61,180,5,6,68,6,20,1986,24,32,440,201,1794,1,84,13,8,14,22,62,16,5,17,37,68,102,540,511,446,101,120,245,111,75,32,126,6,18,52,40,82,18,210,132,13,21,79,343,64,21,15,9,370,344,236,610,219,35,191,368,17,967,9,374,225,5,156,55,83,384,6,372,169,860,1433,42,36,234,405,709,33,178
ACC,149,53,77,54,734,3,36,4,106,63,201,41,21,585,135,11,13,16,41,63,3,15,30,4,16,1137,5,43,265,108,3868,2,38,8,11,20,8,62,9,2,14,17,30,49,218,152,358,64,1073,123,94,65,16,45,6,20,51,33,79,14,144,22,10,47,40,340,82,14,1,6,332,142,184,248,107,27,405,572,12,172,9,287,115,6,128,41,30,113,4,108,62,1055,1206,75,13,200,843,1882,19,157
ACG,53,16,5,4,190,0,17,1,6,20,36,8,5,114,14,1,4,7,5,27,0,5,11,2,2,289,0,11,105,10,990,1,11,2,4,1,3,2,2,0,4,2,3,13,34,41,45,10,15,19,40,5,6,12,1,1,19,7,28,3,23,8,3,3,8,190,8,2,0,0,46,40,21,49,17,4,25,36,4,28,1,138,23,0,16,8,6,22,2,53,12,445,383,9,8,110,63,106,1,79
ACT,152,32,49,38,1351,1,27,6,87,66,226,55,17,466,129,7,16,33,34,97,3,27,35,3,13,595,2,27,290,62,7162,1,43,6,4,12,11,27,4,0,10,12,32,56,179,305,258,34,55,124,69,48,4,24,6,16,71,28,28,15,81,56,9,66,62,194,47,4,1,4,134,197,192,372,126,21,73,103,11,245,3,131,93,5,82,103,39,136,7,225,88,751,976,54,21,110,4760,418,24,69
CCA,236,79,53,53,1283,0,47,4,125,180,295,71,18,578,155,9,25,26,33,63,7,24,47,9,18,3658,4,71,579,308,5860,2,62,17,5,29,19,63,8,2,16,18,45,68,329,525,425,122,297,194,149,61,15,55,0,16,61,42,101,16,143,29,9,50,40,450,44,12,2,1,285,153,322,705,282,41,131,342,6,682,6,320,139,4,93,101,63,226,50,259,156,1836,2799,66,26,410,810,825,21,352
CCC,98,58,86,18,2393,0,30,5,67,87,339,45,25,234,158,13,28,12,40,59,2,31,48,1,13,1644,13,26,387,68,115,1,89,6,5,11,10,22,4,1,7,11,32,41,202,390,197,83,694,108,96,36,14,50,10,12,29,30,69,13,147,157,9,25,45,793,60,16,3,8,273,136,71,383,73,20,72,695,10,217,5,423,125,5,79,91,63,187,4,569,146,3414,2454,62,14,173,211,779,9,222
CCG,66,17,14,16,968,0,9,1,45,65,80,19,3,259,11,7,5,6,9,23,4,5,13,3,7,370,4,7,158,59,23,1,24,6,1,6,7,15,2,0,4,2,7,20,40,103,152,9,34,26,20,17,3,7,3,2,16,9,31,5,29,69,4,7,16,390,14,7,0,2,63,45,22,125,39,4,63,110,6,88,0,266,33,2,52,17,5,40,3,132,23,667,503,25,3,130,39,126,1,129
CCT,241,37,24,41,1979,0,39,5,127,66,175,41,23,296,114,6,13,17,40,97,6,20,26,3,20,2517,5,31,514,283,301,3,60,11,5,18,7,29,2,1,10,27,46,70,352,319,287,80,4091,149,115,37,12,52,1,19,49,10,55,9,136,269,10,21,66,704,52,17,1,1,198,288,172,233,118,17,120,1264,10,213,8,270,89,4,56,37,31,79,28,2034,59,1409,2874,115,25,571,9404,1408,15,217
GCA,160,46,15,37,850,2,36,13,198,413,329,44,17,575,144,23,27,25,107,81,6,11,43,6,24,901,10,56,321,372,199,2,39,11,9,39,17,73,8,3,8,8,85,36,251,671,487,41,513,84,95,39,24,57,6,17,51,36,111,30,84,50,10,63,45,481,87,21,7,14,393,158,95,504,614,29,246,483,20,1211,4,189,90,6,77,61,44,156,1,296,128,571,1012,73,27,183,731,1039,33,197
GCC,168,27,50,27,1027,0,33,1,60,80,223,41,12,185,102,8,10,13,56,63,5,15,28,8,11,920,6,32,362,72,1225,4,31,5,1,29,10,19,9,4,10,20,22,29,270,271,367,47,925,87,149,30,9,38,7,12,51,19,81,13,63,24,19,25,31,362,33,12,2,5,111,94,120,195,111,16,175,292,18,224,4,363,77,7,82,40,41,104,0,259,34,568,1698,48,22,144,235,742,27,152
GCG,23,22,2,5,541,0,4,1,27,29,66,9,3,67,29,6,6,5,9,19,2,5,5,2,14,509,7,19,128,52,92,0,16,2,2,1,3,11,3,1,2,6,18,20,25,89,79,8,36,23,42,11,7,10,5,2,13,6,26,7,19,1,5,12,11,122,12,3,0,1,52,67,20,60,65,7,46,87,6,48,2,84,36,1,38,8,7,36,0,66,13,360,489,8,7,98,16,167,5,50
GCT,214,36,36,41,566,0,19,3,106,182,161,20,4,317,72,5,12,17,79,47,2,15,39,4,11,878,9,15,285,442,251,2,48,5,2,39,27,41,8,0,13,13,42,36,223,476,441,41,860,104,117,39,16,39,7,10,63,16,53,16,48,22,9,36,22,271,49,22,3,5,295,127,118,427,283,7,136,527,9,756,4,208,132,4,117,72,52,95,0,260,78,364,1120,15,12,94,4738,1331,10,94
TCA,455,86,46,55,1811,1,102,2,203,163,467,73,33,299,146,8,8,36,80,125,9,12,34,8,8,1444,9,294,325,454,27628,3,61,87,2,44,10,62,21,3,12,18,43,65,324,460,284,75,163,939,80,78,19,43,3,65,223,348,679,32,318,95,10,72,69,415,109,17,0,10,371,389,269,523,561,35,92,362,108,708,5,430,150,3,76,109,141,87,70,267,116,1422,2171,54,17,241,35523,564,19,163
TCC,194,127,47,45,1540,1,52,8,162,98,489,60,37,293,145,18,21,27,42,134,1,9,54,8,10,1561,9,130,263,177,602,3,82,94,16,9,19,73,10,2,13,17,58,99,303,552,359,79,554,458,72,42,17,85,15,17,100,85,341,6,176,306,8,60,82,453,105,22,0,16,336,266,204,441,157,58,115,878,50,407,7,442,287,11,81,60,73,122,74,240,115,825,2445,45,31,455,3209,1727,29,197
TCG,16,10,3,20,377,0,4,0,32,43,54,11,9,96,26,0,1,5,14,30,1,1,7,2,3,231,5,64,71,99,226,0,15,28,4,3,1,8,7,0,4,2,18,10,37,85,96,15,138,197,44,13,4,15,5,6,29,49,68,6,16,1,5,11,19,153,21,3,0,5,32,46,42,135,70,8,23,135,17,108,1,106,35,4,18,11,11,36,0,58,14,623,547,17,8,65,611,281,8,28
TCT,347,62,31,32,1108,1,65,9,238,475,555,90,36,662,214,22,15,40,108,155,12,21,48,7,14,1265,15,207,270,565,923,3,79,183,7,66,20,45,9,1,22,20,74,97,294,785,513,85,23047,493,76,64,23,56,11,55,92,225,466,35,233,125,17,41,70,270,77,22,23,8,662,440,305,370,506,46,271,9426,52,1328,4,505,205,20,97,89,50,220,14,555,321,1594,1705,75,47,466,336666,14717,25,168
ACA,158,53,75,38,386,3,34,1,114,20,298,35,18,641,111,18,31,32,38,103,6,4,47,8,12,564,9,70,194,36,427,5,115,28,5,22,8,31,5,7,13,17,39,47,266,304,284,105,81,205,56,34,20,145,2,25,59,38,100,8,44,29,6,36,43,186,47,10,0,12,271,121,128,164,44,24,267,140,13,168,5,109,146,3,82,43,49,137,3,136,105,255,276,70,19,38,32,285,17,84
ACC,157,17,27,23,165,4,31,3,34,11,207,26,7,239,87,6,19,14,28,27,3,5,31,3,18,159,5,27,68,25,265,1,18,6,13,11,10,24,4,0,10,18,18,38,181,141,129,31,49,87,31,28,9,55,3,9,33,30,49,5,26,18,6,24,25,106,48,9,3,3,143,129,128,168,26,13,127,84,5,95,4,70,103,1,39,45,47,35,1,138,61,98,73,32,15,23,13,275,15,71
ACG,33,7,0,5,52,2,4,0,15,8,35,19,6,50,23,5,6,3,8,12,1,1,1,2,2,63,1,8,33,17,13,0,16,1,0,4,2,4,4,0,5,6,10,6,29,37,18,2,9,29,11,9,1,20,0,1,12,4,13,0,13,1,3,8,5,38,6,0,0,5,30,35,38,43,15,8,36,27,0,49,0,16,11,0,11,9,7,19,1,39,5,28,43,12,1,8,6,73,5,20
ACT,220,42,47,53,149,2,73,5,100,21,219,56,30,560,170,12,20,24,36,65,9,7,46,23,22,223,16,60,86,27,207,3,43,16,8,27,16,50,12,1,21,19,37,51,331,413,555,61,26,205,22,41,21,57,4,20,69,57,97,7,87,62,18,30,54,131,105,13,3,7,203,191,139,284,69,34,118,150,19,123,3,121,126,9,119,47,28,127,9,233,75,170,309,37,8,27,21,275,39,50
CCA,117,33,46,22,307,1,23,2,40,13,166,14,15,259,74,5,8,10,15,65,6,2,20,8,7,318,13,55,108,10,86,2,41,12,6,5,5,31,12,1,10,11,13,27,127,166,262,60,6,153,43,35,15,29,5,5,66,45,134,5,52,19,6,16,14,163,39,8,1,2,136,87,98,92,51,14,155,109,7,50,6,171,93,0,76,39,12,106,2,89,54,196,225,28,9,35,25,176,11,79
CCC,113,52,60,45,328,1,18,2,81,28,191,14,17,528,88,22,14,20,35,87,12,3,53,5,14,241,20,72,150,27,229,4,77,14,5,10,12,65,14,4,18,29,19,47,163,228,283,85,4,84,67,46,19,69,11,23,55,29,112,10,57,105,6,21,39,225,47,29,1,8,183,104,113,159,31,25,140,115,15,94,9,147,83,4,114,47,49,80,3,198,56,268,254,42,14,45,9,128,21,79
CCG,22,8,3,10,100,1,3,1,15,9,41,8,3,114,12,2,5,3,11,14,0,5,7,3,6,52,4,17,61,12,10,4,31,3,6,4,1,5,2,1,7,3,10,10,19,44,93,5,25,28,26,3,1,6,4,4,25,13,21,3,6,21,5,10,3,53,12,9,1,1,28,5,18,42,22,8,53,43,5,51,2,60,39,2,22,6,6,17,2,70,10,131,160,14,4,19,24,45,5,17
CCT,174,90,55,44,237,2,42,1,83,23,223,50,5,410,127,9,19,20,41,63,4,8,54,2,29,390,7,61,164,41,93,3,77,31,15,11,22,50,20,1,13,23,33,45,344,138,298,54,15,183,59,43,21,48,4,15,77,41,189,11,114,145,7,33,72,96,65,17,0,4,219,95,103,153,54,23,209,140,13,112,4,169,150,3,74,59,40,147,4,227,73,298,210,74,30,79,20,198,19,132
GCA,90,22,38,23,233,0,13,1,34,25,70,21,4,213,56,5,15,7,18,44,3,2,21,5,14,190,1,25,38,8,394,0,25,8,2,11,13,11,3,1,10,6,6,24,69,93,157,11,6,61,55,26,15,14,10,7,32,11,39,1,23,9,5,10,9,78,24,4,1,9,139,86,76,66,21,16,49,103,5,45,7,110,63,0,65,20,12,77,3,107,56,245,227,43,12,41,5,138,10,49
GCC,99,12,28,27,326,1,20,1,27,16,82,22,9,189,47,9,14,5,34,70,0,4,11,2,12,250,5,26,72,19,24,1,65,7,1,5,15,13,1,2,9,12,16,20,83,114,135,30,43,71,29,19,7,38,1,7,35,13,49,2,48,18,9,13,18,96,19,8,4,6,67,45,76,92,26,21,99,91,18,44,2,92,74,4,59,36,14,37,1,198,39,125,210,23,16,34,38,208,13,61
GCG,18,4,6,6,92,0,3,1,9,8,35,5,0,53,12,1,3,3,4,9,1,2,10,1,4,66,3,14,34,4,10,0,12,1,2,1,2,6,1,0,1,5,2,5,27,30,45,8,4,14,5,8,3,9,0,2,10,3,12,1,8,7,6,8,1,56,6,2,0,1,25,19,7,9,13,0,26,42,2,13,1,52,10,1,19,9,2,7,0,16,8,69,107,7,2,28,3,30,4,23
GCT,62,13,50,21,187,0,21,4,64,9,91,28,11,375,96,8,15,9,28,80,1,2,19,2,14,116,4,32,91,19,36,3,43,17,4,27,9,22,11,3,15,16,17,25,106,83,166,53,15,113,45,34,2,26,2,14,53,39,71,3,21,40,18,20,43,157,31,7,1,0,139,74,71,58,41,14,93,85,14,89,1,96,64,1,71,28,21,57,9,161,76,143,170,36,32,19,21,281,16,48
TCA,112,61,49,47,3709,0,29,5,103,13,559,58,90,325,260,12,33,21,17,86,5,1,34,7,22,227,5,1330,96,51,203,2,36,1888,3,25,15,32,42,3,14,10,34,40,188,264,172,259,4,3853,39,56,13,52,4,127,649,749,2514,2,65,54,12,28,96,87,48,12,7,8,162,191,575,186,827,22,180,103,342,95,2,330,103,1,84,31,69,125,9,96,152,1786,241,32,22,23,34,281,21,47
TCC,214,83,83,42,886,1,26,4,100,25,301,62,21,263,101,7,18,25,30,64,1,4,31,8,12,258,7,183,111,55,188,1,74,205,9,8,10,21,13,1,12,9,35,22,201,216,261,99,4,808,46,22,13,73,0,42,212,193,584,7,56,105,7,28,98,261,60,14,1,5,173,256,88,301,300,31,89,178,89,129,5,173,110,1,52,74,26,100,7,134,78,541,324,43,19,40,15,202,12,76
TCG,17,4,4,8,230,1,5,0,15,6,40,11,6,39,24,5,6,1,3,24,3,0,9,1,4,57,2,37,30,14,72,1,23,44,2,4,4,4,4,0,2,4,4,10,14,39,34,10,0,153,6,2,5,8,1,13,38,57,138,1,7,3,2,4,7,29,14,4,0,2,10,21,23,21,84,2,79,15,18,26,1,65,9,0,16,7,6,26,2,19,14,109,72,9,1,11,4,24,6,11
TCT,347,78,68,61,2446,2,68,7,163,49,595,40,89,658,459,15,21,30,46,143,6,7,68,15,15,281,21,1372,178,51,301,0,74,1092,10,17,28,19,68,0,19,36,48,76,701,395,177,238,35,4000,149,71,31,67,8,203,705,1354,1891,7,214,439,14,33,83,201,121,12,12,8,276,259,466,252,2128,40,115,92,255,173,17,777,252,7,226,90,85,255,34,427,238,2142,205,61,46,57,48,305,19,107
ACA,332,96,60,93,864,12,70,77,172,102,397,149,36,1073,260,54,82,83,194,214,23,16,62,55,78,285,49,215,300,118,1338,11,248,57,29,57,26,176,26,10,41,58,121,121,314,539,1036,109,362,359,207,112,51,93,8,78,199,128,465,30,208,59,67,73,92,378,200,87,8,44,274,298,190,297,204,43,418,535,76,320,35,617,322,30,497,94,90,206,9,1338,103,612,603,616,64,79,582,980,57,431
ACC,134,68,63,40,375,6,53,27,136,56,300,115,16,979,162,29,36,26,73,109,7,5,85,37,55,366,27,81,249,78,6538,6,146,35,11,26,21,67,10,11,34,48,53,60,164,314,561,96,1185,126,106,57,29,67,4,32,216,49,82,14,50,343,21,52,36,402,78,46,8,20,209,295,125,150,92,22,224,1161,38,202,17,231,186,8,223,40,35,188,20,524,77,413,89,264,48,43,511,1574,61,425
ACG,128,337,250,255,187,45,76,211,269,113,175,222,135,608,202,36,268,187,170,224,93,8,32,18,131,267,90,458,151,247,16025,11,125,204,25,178,36,271,16,84,145,43,394,226,144,1023,1225,189,2963,119,121,156,61,19,15,59,1154,146,285,69,8,99,125,50,18,132,521,88,19,230,941,2367,610,825,403,44,346,902,34,297,660,174,616,170,216,127,5,129,100,1828,288,269,140,626,31,318,7475,11687,29,101
ACT,273,73,47,55,368,2,38,32,91,63,315,67,33,1188,178,30,45,46,94,149,10,11,74,28,31,298,23,93,127,86,6967,11,132,36,16,35,30,87,21,6,31,22,93,75,261,416,892,86,2423,209,316,61,39,74,14,45,160,82,146,11,88,296,22,61,60,290,90,59,4,14,232,373,193,253,116,40,456,1039,36,224,27,368,278,11,129,64,36,202,153,639,95,327,192,182,57,59,1045,4049,31,127
CCA,240,107,40,88,406,5,66,6,209,93,313,130,33,982,179,21,59,27,78,231,8,12,50,9,40,869,26,83,230,125,638,12,88,56,15,35,27,61,25,1,46,32,65,61,430,364,467,86,86,183,222,75,34,61,11,54,361,58,102,21,148,157,26,74,63,281,110,20,7,21,241,294,168,328,100,54,436,329,30,284,10,445,209,14,224,103,91,130,84,431,107,292,324,179,44,88,59,513,37,178
CCC,103,80,58,86,555,1,35,7,159,44,206,75,22,320,161,36,28,39,64,154,11,1,31,26,30,558,24,111,198,63,702,1,62,20,16,36,16,88,17,3,37,19,30,76,231,295,416,61,49,205,132,71,50,75,13,35,580,62,116,11,76,233,24,25,56,265,121,31,3,8,212,263,139,447,68,18,281,386,29,250,18,340,191,11,161,60,34,180,21,193,107,337,478,140,38,77,21,287,41,188
CCG,84,171,150,130,324,20,99,290,225,167,261,101,91,1209,209,25,179,124,186,131,71,8,29,20,94,294,91,392,197,242,3818,15,110,166,21,117,30,189,44,84,111,38,230,177,130,376,1344,92,2709,189,174,79,78,60,10,30,474,100,242,72,58,216,115,44,32,387,209,85,40,110,1100,962,354,550,296,44,359,858,42,251,121,288,446,99,260,94,16,149,63,909,185,209,214,690,35,217,1543,5789,49,145
CCT,303,44,112,133,793,3,71,10,147,48,562,93,24,954,190,48,30,44,81,155,18,8,72,17,33,545,25,84,363,74,4656,6,170,31,10,50,43,74,8,8,26,63,63,100,338,466,760,123,82,219,158,96,51,82,25,29,530,81,275,7,162,716,13,54,67,623,103,36,7,12,391,449,188,366,57,65,670,503,30,342,10,332,244,4,190,91,88,293,35,332,141,350,667,186,49,94,65,606,86,410
GCA,86,81,56,62,574,8,34,22,175,57,294,81,15,1021,204,16,51,24,100,106,12,6,100,12,65,271,21,123,304,70,6665,8,117,33,30,35,23,97,21,6,30,24,67,62,358,314,417,73,160,288,168,39,48,70,5,36,111,74,196,27,92,13,36,37,94,273,105,28,9,22,254,216,215,130,85,39,218,381,29,290,16,253,238,7,220,39,41,168,4,2056,95,161,225,828,40,33,95,643,23,206
GCC,120,59,50,61,300,2,23,7,127,58,138,98,9,1042,102,22,18,14,74,217,5,9,84,25,47,423,10,127,391,66,277,4,87,30,20,32,19,81,26,5,33,44,60,58,196,332,718,56,5293,160,168,47,27,35,30,45,191,53,100,22,126,31,41,35,71,377,107,22,2,25,204,139,133,169,100,53,297,1472,30,302,9,258,232,5,134,42,33,201,0,1067,73,209,182,949,29,39,4341,3787,60,312
GCG,69,220,117,160,335,34,47,380,229,166,268,151,65,1462,186,26,319,125,193,264,38,3,29,15,112,200,55,278,173,182,1454,15,87,91,20,65,46,256,19,73,78,37,267,215,216,439,1494,207,6678,57,150,84,42,59,24,56,715,112,202,74,7,31,55,57,10,114,464,85,12,212,775,2283,319,579,520,63,330,3507,59,456,234,226,462,175,184,43,5,72,48,1579,212,143,161,863,33,148,6044,10030,33,191
GCT,122,78,50,88,271,1,34,8,129,49,396,57,13,948,155,17,18,26,28,77,10,8,62,5,34,310,15,59,285,46,263,6,58,16,6,43,20,60,19,3,32,21,54,59,200,259,307,64,11365,191,95,47,26,55,11,17,131,32,83,17,65,128,29,28,39,232,57,21,0,10,174,223,76,174,50,32,213,3980,24,305,8,193,162,3,197,79,21,182,73,1793,66,228,310,385,34,32,2438,5793,53,149
TCA,366,3386,283,112,1624,2,96,4,229,96,826,165,68,1940,264,33,55,45,140,232,14,17,67,206,32,1793,32,5171,199,70,7567,4,101,5579,18,19,33,64,13,4,157,109,46,92,328,843,840,57,685,5348,109,179,22,180,6,685,313,1824,327,14,525,917,30,120,191,1653,145,41,1,355,274,424,162,1932,1236,36,874,741,42,385,16,1379,248,7,259,213,136,164,57,441,255,1034,1329,167,62,3643,111,1596,44,157
TCC,354,521,83,100,892,4,60,10,173,62,413,185,27,769,178,41,31,35,118,135,9,12,83,41,30,854,5,615,275,66,5484,4,92,959,21,33,27,91,13,2,64,46,56,74,422,346,938,64,11846,1238,164,149,33,88,21,131,766,361,162,10,234,566,34,41,86,668,106,66,1,48,351,334,285,710,324,53,713,6397,47,177,16,522,193,15,179,125,60,216,52,665,162,375,436,256,45,481,929,21393,45,149
TCG,63,280,156,110,487,17,35,154,172,88,109,124,23,1335,147,26,157,89,119,202,23,2,29,27,66,314,36,571,171,175,2568,14,87,437,16,43,35,135,24,30,80,51,224,99,155,328,669,69,120881,347,76,93,40,58,13,107,386,191,165,61,85,48,75,40,12,427,154,58,4,121,405,729,179,411,280,23,600,66107,8,293,94,386,528,59,160,66,13,90,32,635,139,312,158,288,36,345,2248,108598,37,124
TCT,295,1853,196,87,1739,0,57,6,185,51,395,77,32,1776,153,15,35,37,195,128,17,4,79,153,36,822,28,2765,278,45,5394,2,139,3689,11,35,24,68,30,9,131,61,57,103,217,299,621,80,36708,1927,97,162,18,111,6,500,598,945,244,13,250,234,26,52,117,1077,113,83,13,247,228,256,262,847,858,39,721,30897,38,243,20,1208,277,5,242,172,49,146,138,309,232,763,594,190,39,1153,5797,22751,51,120
ATA,34,29,34,25,369,0,19,5,47,17,85,29,15,517,63,9,7,8,26,60,11,5,47,11,14,281,15,20,78,34,289,2,59,9,7,33,3,18,9,5,10,8,15,34,97,219,262,20,543,77,90,17,14,22,8,18,60,13,79,3,44,635,5,19,20,143,40,13,0,4,64,84,82,112,33,16,146,273,13,148,4,95,69,3,116,13,28,421,26,147,43,342,222,46,11,39,50,712,14,104
ATC,31,29,16,38,192,0,15,5,35,20,121,25,5,628,49,4,14,8,35,41,1,14,25,9,9,205,9,20,74,13,781,3,71,17,4,14,2,10,9,3,4,22,17,27,120,79,199,22,82,52,42,32,17,42,0,9,42,22,84,2,38,93,10,16,11,104,23,25,6,3,95,86,38,72,31,4,149,113,10,83,2,102,68,3,81,36,8,120,10,249,31,113,222,59,8,43,87,286,19,60
ATG,63,34,27,25,375,1,17,4,67,27,188,37,11,210,80,5,20,13,31,70,10,14,51,8,20,329,9,52,154,30,262,2,57,12,2,7,7,60,13,2,17,21,30,46,203,129,321,35,24,61,64,36,7,33,2,12,36,7,82,6,43,19,16,28,18,186,44,18,2,3,66,113,53,62,31,19,187,115,20,114,7,107,97,4,59,27,11,745,11,179,35,238,458,52,23,87,22,234,17,104
ATT,155,28,23,30,133,0,19,9,55,49,157,16,13,384,84,10,15,16,19,46,1,17,37,3,8,150,6,19,77,71,3171,4,36,15,4,47,7,21,2,0,13,12,29,34,82,236,230,28,805,177,81,38,5,48,6,12,43,12,67,5,29,914,17,48,37,111,42,14,7,5,119,83,64,140,69,23,112,725,7,154,5,107,74,6,89,30,33,140,230,545,45,186,155,61,13,27,4157,1756,6,63
CTA,18,17,36,10,479,0,5,1,21,13,46,12,4,197,24,2,7,4,7,32,0,5,12,1,6,465,1,22,67,7,172,0,37,7,1,6,2,9,1,0,6,9,2,8,51,29,67,42,14,34,38,8,2,7,3,6,9,6,27,2,7,85,8,8,4,305,10,8,3,5,35,23,26,13,4,10,50,57,2,20,3,132,20,0,19,4,5,983,7,39,41,407,757,7,5,61,2,78,5,73
CTC,104,28,76,18,268,0,28,126,48,51,198,26,15,154,77,12,285,9,23,46,1,7,46,4,9,464,10,13,144,166,3118,0,82,12,4,12,11,17,8,2,5,2,19,16,210,627,166,62,46,64,47,12,10,17,5,7,45,14,28,3,62,273,7,30,25,203,24,29,240,2,211,165,70,170,82,18,87,68,5,132,3,184,81,2,71,35,24,393,27,198,77,384,358,56,7,85,23,199,18,101
CTG,50,10,42,14,527,0,13,25,20,56,89,17,9,212,44,8,61,10,12,44,3,10,13,4,12,1178,4,24,144,48,1627,0,27,6,1,22,5,14,4,1,6,5,15,17,94,174,122,45,17,72,38,16,7,33,1,9,17,9,59,6,28,41,3,5,20,302,14,4,37,6,147,22,45,62,49,9,134,87,3,109,2,251,60,1,38,23,10,1881,8,105,39,935,1798,27,5,359,17,122,19,91
CTT,119,46,35,19,239,0,32,92,30,110,113,17,14,75,69,3,489,13,17,27,1,10,40,4,10,240,4,22,117,266,1267,2,22,4,4,14,9,23,4,0,11,7,20,41,107,832,170,37,86,118,93,28,6,55,2,12,26,10,47,4,75,788,7,41,46,167,28,27,171,2,417,106,50,248,123,24,117,123,7,237,6,144,84,1,67,38,33,422,88,94,50,232,269,45,13,87,148,194,22,62
GTA,27,18,13,9,323,1,7,0,18,9,73,16,6,226,49,5,13,0,35,21,0,4,11,3,9,325,3,27,90,10,312,2,26,2,4,6,0,15,0,0,4,4,10,4,58,58,116,29,3,45,21,19,4,17,2,9,14,6,34,6,23,61,4,5,14,129,12,8,0,3,67,48,16,38,15,11,49,46,8,46,1,85,38,2,55,9,17,230,2,59,34,216,458,22,5,36,10,110,8,71
GTC,43,24,29,11,121,0,6,10,13,21,88,18,3,88,44,3,13,6,13,28,1,1,20,5,5,169,2,18,68,20,280,0,17,5,4,13,1,21,5,0,3,4,11,16,49,80,84,28,32,40,21,10,1,22,2,7,18,7,32,6,18,87,17,24,12,90,20,6,13,0,83,82,37,55,28,3,53,80,3,50,1,60,37,0,50,11,13,84,4,102,38,103,150,20,7,25,8,104,4,38
GTG,77,20,24,10,219,2,15,7,39,20,99,7,11,191,94,11,5,4,20,45,4,6,26,1,4,415,4,16,95,19,98,1,42,2,3,12,9,23,1,1,5,10,15,46,107,88,105,23,8,40,19,12,10,23,3,7,34,9,34,5,27,8,10,9,11,139,23,4,2,4,71,68,35,93,20,5,74,60,13,53,1,120,74,1,51,19,14,258,2,125,40,569,752,21,4,76,22,75,18,72
GTT,126,18,53,12,191,0,9,16,27,28,133,16,5,213,48,4,41,11,7,40,2,5,18,4,12,160,0,17,53,53,580,0,32,3,5,10,9,12,2,0,3,5,9,14,91,133,88,51,66,62,34,27,8,24,5,4,23,7,16,2,21,665,4,22,24,116,34,5,15,2,132,99,31,97,33,6,95,48,4,87,2,78,36,0,28,22,13,75,60,119,52,157,222,24,13,29,162,153,9,63
TTA,155,25,15,28,269,1,34,6,56,41,68,23,12,292,83,9,10,17,31,56,4,6,22,4,19,331,12,28,140,72,317,1,43,7,6,74,12,29,9,2,19,7,31,35,133,232,236,28,789,65,49,21,6,29,4,13,49,29,54,5,61,477,7,33,22,144,59,13,8,5,117,204,85,123,60,14,73,933,11,141,8,93,94,4,74,33,13,558,128,218,45,155,300,52,15,98,926,1092,40,80
TTC,91,57,29,26,212,0,22,3,50,30,168,20,13,164,79,4,44,10,16,50,1,10,51,1,12,162,8,18,96,40,1769,1,43,5,6,9,13,22,2,0,12,20,16,31,191,214,117,52,240,130,35,28,9,33,0,11,20,16,34,2,66,782,5,30,51,100,35,9,26,2,118,76,98,239,37,26,132,105,4,86,4,71,95,2,70,37,30,259,64,124,52,93,172,55,12,21,205,451,5,83
TTG,59,18,29,24,244,1,16,1,37,22,80,25,3,196,46,9,14,3,25,39,0,7,12,4,10,442,13,33,85,30,459,3,26,4,6,62,3,34,9,0,10,7,10,27,78,114,132,20,26,49,34,21,5,15,5,8,28,16,21,4,49,320,5,11,17,188,15,18,3,3,78,52,28,72,26,8,49,67,8,107,3,119,110,0,60,18,23,379,27,73,26,341,339,36,6,65,147,118,15,118
TTT,170,120,25,39,207,2,89,9,85,55,335,61,54,298,123,6,28,18,63,83,9,17,74,10,18,202,7,41,85,80,12555,0,41,6,4,80,12,23,14,1,9,23,52,72,260,395,270,38,336,251,115,53,11,31,8,11,36,43,103,11,170,9039,13,70,103,68,79,13,15,2,173,226,160,200,60,20,243,435,12,186,17,178,115,8,207,56,56,437,720,466,61,327,304,87,37,47,1373,948,16,205
ATA,271,103,34,104,1030,5,66,12,195,106,643,154,15,2554,364,56,56,45,158,375,25,13,373,62,110,575,46,154,458,79,1008,4,380,45,43,117,44,110,32,14,85,76,133,128,285,732,1363,118,3293,324,288,110,59,257,23,82,185,125,264,15,106,67,88,73,87,786,179,89,2,35,352,225,235,252,140,33,389,2905,37,325,24,661,296,15,1297,96,41,464,8,1148,109,530,508,507,110,55,369,5130,90,607
ATC,90,33,30,45,187,0,22,20,119,50,159,32,14,697,101,6,105,19,37,111,14,8,100,13,26,141,11,37,169,81,871,2,234,22,20,22,4,57,18,3,16,30,39,28,112,235,296,54,159,154,132,28,23,121,7,29,82,13,133,8,47,25,18,41,57,180,52,19,23,21,183,113,99,191,60,13,195,160,9,187,9,92,175,6,202,45,21,70,23,272,24,124,68,255,20,20,2056,477,40,174
ATG,240,74,61,120,489,4,62,7,397,122,387,96,15,1975,156,51,43,41,164,317,15,11,336,21,51,330,50,169,401,63,939,7,479,41,26,87,26,126,53,12,89,44,98,101,255,307,952,95,124,278,350,69,53,116,43,54,142,56,357,23,130,56,84,55,50,698,131,80,1,24,188,269,233,142,64,32,669,529,45,294,6,398,362,18,583,73,83,265,30,760,106,434,249,508,53,50,584,973,48,337
ATT,211,103,64,90,692,6,60,33,224,120,371,106,25,2559,234,39,99,59,104,326,21,10,322,19,52,531,27,106,412,123,906,9,450,43,31,136,26,98,30,4,74,40,70,109,304,503,1354,101,95,293,221,85,46,213,38,78,356,82,288,41,144,182,55,36,60,471,123,50,27,30,320,235,168,541,102,41,986,745,39,446,12,748,181,6,612,94,58,270,91,803,112,233,180,566,46,38,1176,1075,116,334
CTA,79,71,17,39,336,1,24,13,75,40,216,53,27,651,108,14,41,9,52,50,6,6,145,16,24,276,9,73,226,67,1482,4,388,7,13,66,20,34,17,3,14,21,31,56,197,357,502,44,457,127,124,32,19,132,5,18,34,22,70,13,139,261,18,29,60,299,70,14,47,9,160,158,95,158,41,32,367,445,9,221,4,268,106,1,489,43,17,159,65,438,51,198,312,233,37,48,61,492,33,147
CTC,106,67,54,23,232,2,31,448,82,171,151,46,10,414,88,11,1052,7,49,64,7,3,77,7,7,148,10,58,81,522,4490,0,251,9,5,63,10,60,2,2,15,19,32,51,228,1036,520,48,88,151,197,40,9,73,6,11,63,29,88,4,34,146,12,43,35,128,47,49,1332,11,553,160,69,508,171,15,275,171,22,562,13,136,126,7,283,71,43,108,7,497,29,100,118,323,15,18,23,377,39,198
CTG,134,72,51,81,360,3,40,196,64,120,167,71,9,611,141,24,785,21,85,103,9,1,143,16,31,496,28,91,261,359,4037,1,212,11,16,104,17,51,16,0,22,25,88,37,204,958,536,44,51,226,164,60,22,84,15,39,238,55,209,21,107,67,29,19,28,356,78,76,218,13,357,159,149,350,260,26,253,338,29,612,10,254,141,7,369,40,25,192,8,690,62,292,294,273,40,82,613,298,49,299
CTT,201,55,80,53,390,1,50,542,99,241,343,60,15,641,146,27,3234,23,66,80,9,5,116,7,17,196,21,42,136,1127,838,3,171,13,4,70,13,70,12,0,33,19,33,47,299,3449,327,86,467,166,376,51,38,142,15,37,125,46,139,8,98,853,30,41,51,261,77,79,754,13,1080,313,133,811,487,31,312,241,27,1806,6,221,119,6,447,44,64,186,257,1381,40,148,74,266,24,31,6,540,49,218
GTA,79,23,28,30,297,1,35,5,77,22,123,32,8,444,71,29,12,12,41,71,3,5,145,3,19,313,17,33,119,14,774,5,264,7,13,41,13,47,20,9,28,11,30,33,93,117,520,71,3147,107,65,26,13,73,9,20,87,32,121,8,45,20,15,8,26,202,54,13,0,17,110,63,50,117,47,15,305,1963,28,167,9,253,149,4,534,13,15,116,3,629,89,179,187,265,20,36,1177,3678,17,244
GTC,36,24,24,23,118,2,16,24,55,49,147,14,2,328,80,9,136,6,42,43,3,3,91,11,14,189,8,27,80,90,800,0,117,9,6,36,15,21,9,2,8,16,23,22,75,230,230,27,905,82,66,19,16,45,4,14,46,14,61,9,28,26,12,18,11,93,54,16,82,9,140,59,45,115,85,9,174,936,19,112,1,84,95,9,200,16,17,80,6,182,51,78,86,193,19,19,2855,2414,22,101
GTG,59,27,50,27,310,3,7,11,110,73,174,55,19,639,117,13,71,14,56,107,6,4,166,19,31,209,20,74,269,52,1504,2,301,12,16,24,11,31,7,6,30,27,26,29,151,153,376,76,286,132,181,41,16,50,10,22,72,37,200,13,57,22,18,21,17,188,62,27,14,8,174,167,75,59,48,13,310,445,26,145,8,292,124,11,391,26,35,136,6,596,58,211,118,341,40,44,29,643,20,109
GTT,73,32,45,33,352,0,23,19,61,33,128,39,8,674,113,17,55,12,52,64,10,6,305,21,29,169,11,67,215,63,1887,5,333,14,10,40,15,41,13,3,24,29,13,39,104,186,239,53,4681,76,77,56,38,126,10,10,79,53,91,11,41,761,8,24,27,205,70,31,31,10,196,88,50,144,48,23,233,2533,20,224,16,128,127,6,325,38,30,92,1072,506,51,93,99,154,33,20,2499,2207,34,162
TTA,164,49,40,33,385,5,29,14,124,41,224,70,24,768,121,14,48,19,63,91,17,4,265,11,36,389,7,42,101,55,2224,1,340,26,12,66,29,62,12,3,25,24,29,51,190,187,565,47,3379,119,150,45,18,105,25,35,148,61,188,15,137,1239,32,30,48,152,60,46,13,6,167,151,55,138,50,33,643,2309,14,228,8,223,183,2,760,29,46,161,305,516,93,218,148,414,31,18,283,1638,16,256
TTC,116,25,21,22,95,6,37,35,48,55,144,41,10,620,85,7,98,10,46,29,5,2,148,6,10,78,8,51,79,93,4282,2,177,10,7,35,7,46,13,0,16,9,50,40,150,375,351,19,83,105,72,26,14,96,4,27,55,13,77,12,23,402,18,25,31,103,53,46,55,15,171,118,114,122,91,21,282,101,11,274,5,168,135,5,311,29,37,115,82,416,58,104,57,130,21,19,1611,233,23,151
TTG,112,34,20,26,177,0,18,7,53,45,214,27,15,717,120,17,27,19,38,109,1,7,120,9,13,216,10,56,154,51,2149,2,312,11,7,30,7,37,9,1,20,14,30,32,120,222,311,35,194,65,107,31,20,49,12,20,64,34,100,8,56,290,15,16,34,212,33,21,12,11,113,92,78,104,55,13,317,224,26,123,8,268,136,4,385,45,17,87,87,273,36,136,98,202,26,22,222,449,26,142
TTT,123,64,52,60,434,3,58,41,109,76,347,48,12,476,95,27,141,11,116,76,16,4,212,5,26,255,13,75,155,118,1941,5,323,20,14,89,26,102,19,3,43,39,32,41,205,413,371,72,44,140,127,41,25,208,8,52,112,55,140,10,109,1419,26,24,52,267,71,49,44,9,217,118,105,219,67,21,510,326,18,171,12,252,237,7,644,72,18,136,199,866,52,98,93,285,33,16,843,457,61,195
ATA,75,22,15,18,58,3,16,5,28,37,114,22,5,189,44,1,14,12,17,51,1,3,28,1,11,73,24,25,48,20,8201,0,31,9,2,151,4,27,5,2,4,10,17,23,78,158,154,14,25,57,37,24,2,62,1,5,27,11,32,1,39,306,4,29,15,63,30,7,8,3,102,108,51,88,16,13,61,58,2,45,6,44,64,1,37,23,24,117,30,52,14,76,63,39,10,15,1096,209,11,43
ATC,89,39,13,15,37,0,10,5,32,69,106,11,11,136,52,3,5,6,17,47,0,0,16,3,8,39,6,16,50,47,23221,2,11,5,1,17,4,7,4,0,4,5,8,46,71,248,71,17,57,82,30,21,3,65,3,10,18,7,23,2,58,38,1,22,14,29,44,9,38,1,148,63,72,172,14,14,49,30,2,59,7,26,73,1,25,25,8,63,9,58,28,23,14,9,12,4,717,88,3,18
ATG,92,37,21,27,176,2,26,3,52,27,134,32,14,296,83,8,9,9,27,58,1,7,28,7,22,190,6,32,73,49,11457,2,41,2,6,29,6,23,8,6,20,7,35,22,132,166,154,30,134,67,74,29,19,52,7,4,78,11,52,3,60,37,19,19,22,90,35,15,8,4,167,101,100,144,36,7,133,214,8,71,2,122,75,2,63,17,32,71,32,127,22,89,84,44,14,19,102,300,29,75
ATT,233,104,27,33,64,0,35,29,89,800,144,45,18,201,76,7,77,27,69,89,4,5,74,3,6,71,7,40,78,746,313515,3,11,3,3,92,13,17,2,4,10,10,26,72,307,962,118,20,343,87,22,39,13,110,4,8,31,8,85,5,91,19,13,124,80,71,90,19,404,2,1120,254,84,915,51,45,103,87,15,375,4,156,66,0,64,44,33,133,21,127,30,44,13,39,17,9,2635,181,16,25
CTA,36,15,9,10,54,0,9,0,17,35,63,16,2,113,38,7,5,8,6,27,1,2,16,3,6,46,3,17,25,24,39752,1,8,3,1,57,5,7,1,0,3,8,7,14,53,88,70,20,37,30,35,13,6,13,0,2,25,9,26,1,30,94,2,14,11,38,12,3,7,1,90,47,32,58,9,5,66,64,8,41,2,41,37,0,27,6,16,80,16,38,20,28,29,13,11,6,112,120,2,19
CTC,48,35,28,19,77,0,17,6,60,481,70,20,10,148,47,3,11,14,36,33,8,3,26,6,11,77,4,17,57,411,48050,0,22,5,2,24,11,13,6,0,4,5,16,16,86,343,127,16,435,36,41,17,7,19,3,8,21,11,29,6,62,106,7,40,20,65,35,17,93,2,484,88,39,340,29,11,137,252,7,139,2,116,43,0,66,9,12,66,6,86,36,36,24,29,9,8,11,583,20,16
CTG,103,33,54,26,124,4,17,3,45,155,122,32,9,513,83,7,10,8,27,34,4,4,30,4,6,121,9,28,97,212,38222,1,49,7,2,39,6,28,6,3,17,5,26,15,89,303,290,44,227,60,30,20,10,42,5,18,25,15,43,2,33,22,6,43,31,146,49,19,38,7,323,107,70,244,27,8,151,217,1,136,1,80,61,3,79,32,21,124,3,148,62,97,147,27,9,25,29,244,7,64
CTT,107,71,22,37,154,1,22,39,382,6538,260,30,18,284,67,8,138,21,709,79,3,0,114,4,17,105,33,29,87,8082,130653,2,35,12,6,223,8,40,2,2,12,12,19,43,191,9453,373,25,4308,99,52,32,16,50,7,13,43,24,57,4,70,82,8,497,24,123,77,6,2684,2,8656,206,92,10041,155,22,179,967,6,2300,5,740,158,3,98,53,48,169,8,104,53,62,36,26,21,18,742,1255,12,97
GTA,39,12,17,9,54,0,3,3,19,16,46,3,4,184,20,4,8,4,14,23,0,0,7,3,5,51,4,6,27,11,1982,1,9,8,2,35,4,3,2,0,2,1,10,11,46,50,79,10,204,33,15,11,3,43,5,7,15,6,20,0,16,119,5,9,14,48,5,2,7,0,38,8,15,37,9,7,40,105,2,43,1,32,26,0,25,3,7,41,5,36,24,29,27,16,4,8,121,137,6,29
GTC,30,7,6,7,26,0,3,1,24,111,33,8,3,148,10,3,2,1,12,13,0,1,4,1,8,13,4,9,28,54,3084,1,5,6,1,17,3,10,3,2,6,5,8,8,29,190,50,12,453,29,18,11,3,28,1,2,12,1,20,1,8,48,2,14,10,34,2,1,48,2,153,33,22,83,3,6,30,156,3,44,2,55,13,1,15,8,16,13,7,52,6,11,28,13,1,5,238,221,8,11
GTG,53,21,48,15,184,2,12,11,41,32,102,9,14,267,78,8,15,4,17,44,1,3,21,5,10,128,4,16,66,45,5201,0,37,7,6,15,4,20,4,38,13,3,22,11,107,137,137,35,534,56,27,19,16,35,8,6,25,12,41,7,16,139,7,14,16,58,27,18,11,3,81,90,43,91,40,9,125,456,10,119,2,73,80,3,20,15,9,51,29,102,94,87,118,21,9,26,16,773,12,49
GTT,49,18,13,12,48,0,11,15,113,1921,78,19,10,140,37,0,68,6,100,32,0,1,82,6,2,32,5,5,27,1107,34459,0,15,1,2,68,3,11,3,1,3,9,8,30,86,1124,95,21,2680,55,26,9,3,41,4,6,19,3,29,3,55,216,0,149,12,17,23,9,326,0,2093,61,47,981,36,9,46,504,4,487,0,241,41,1,19,15,18,52,31,75,28,34,17,11,8,4,837,2087,3,43
TTA,113,47,14,16,112,0,13,0,35,11,142,28,7,278,88,7,13,24,15,56,2,2,23,3,8,82,10,24,60,20,75199,1,25,3,7,242,12,12,6,1,8,12,20,39,120,164,127,30,2214,80,59,26,2,59,4,9,37,9,33,4,46,339,12,33,28,71,44,11,0,4,85,98,79,86,22,23,129,1472,3,70,0,75,71,4,47,24,22,143,39,55,28,38,23,33,12,6,1228,3302,14,55
TTC,72,35,25,33,92,0,28,2,50,186,89,34,23,498,77,6,9,7,39,47,8,1,33,3,19,105,5,21,69,71,48425,2,28,6,5,17,10,18,2,3,5,18,18,76,173,232,84,33,1644,106,64,33,13,66,2,9,38,20,37,4,71,593,13,44,28,109,76,7,32,2,365,168,53,320,13,18,100,739,10,155,6,102,147,1,93,42,43,186,32,173,25,47,19,43,11,14,5,1531,15,88
TTG,51,23,18,21,118,0,23,8,53,93,199,29,22,220,84,7,17,7,60,61,8,4,18,5,24,236,2,18,75,76,35903,3,37,11,6,31,11,29,7,3,7,10,12,37,184,170,95,25,869,104,55,39,12,68,3,8,49,15,84,7,78,235,7,26,21,124,41,16,36,5,231,156,51,160,24,12,110,800,8,80,2,108,74,1,53,29,21,135,23,121,28,119,89,34,22,12,33,822,15,79
TTT,661,122,44,64,333,0,66,19,181,2200,426,95,29,335,245,20,68,44,80,134,4,7,116,17,24,116,15,68,187,831,511104,4,41,10,9,191,22,45,6,1,25,39,77,74,439,1753,594,62,46719,140,89,76,30,169,9,29,39,45,70,14,225,505,10,256,98,307,78,31,280,3,1713,602,239,1016,93,52,227,9025,14,583,8,196,252,1,125,73,91,227,37,513,58,74,49,71,43,11,10748,51663,20,171
